{
    "name": "All Requests",
    "numberOfRequests": {
        "total": 5,
        "ok": 1,
        "ko": 4
    },
    "minResponseTime": {
        "total": 434,
        "ok": 489,
        "ko": 434
    },
    "maxResponseTime": {
        "total": 678,
        "ok": 489,
        "ko": 678
    },
    "meanResponseTime": {
        "total": 508,
        "ok": 489,
        "ko": 512
    },
    "standardDeviation": {
        "total": 89,
        "ok": 0,
        "ko": 99
    },
    "percentiles1": {
        "total": 489,
        "ok": 489,
        "ko": 469
    },
    "percentiles2": {
        "total": 496,
        "ok": 489,
        "ko": 542
    },
    "percentiles3": {
        "total": 642,
        "ok": 489,
        "ko": 651
    },
    "percentiles4": {
        "total": 671,
        "ok": 489,
        "ko": 673
    },
    "group1": {
    "name": "t < 800 ms",
    "htmlName": "t < 800 ms",
    "count": 1,
    "percentage": 20
},
    "group2": {
    "name": "800 ms <= t < 1200 ms",
    "htmlName": "t >= 800 ms <br> t < 1200 ms",
    "count": 0,
    "percentage": 0
},
    "group3": {
    "name": "t >= 1200 ms",
    "htmlName": "t >= 1200 ms",
    "count": 0,
    "percentage": 0
},
    "group4": {
    "name": "failed",
    "htmlName": "failed",
    "count": 4,
    "percentage": 80
},
    "meanNumberOfRequestsPerSecond": {
        "total": 0.5555555555555556,
        "ok": 0.1111111111111111,
        "ko": 0.4444444444444444
    }
}