{
  "type": "GROUP",
"name": "All Requests",
"path": "",
"pathFormatted": "group_missing-name-b06d1",
"stats": {
    "name": "All Requests",
    "numberOfRequests": {
        "total": 5,
        "ok": 1,
        "ko": 4
    },
    "minResponseTime": {
        "total": 1421,
        "ok": 1435,
        "ko": 1421
    },
    "maxResponseTime": {
        "total": 1457,
        "ok": 1435,
        "ko": 1457
    },
    "meanResponseTime": {
        "total": 1437,
        "ok": 1435,
        "ko": 1438
    },
    "standardDeviation": {
        "total": 12,
        "ok": 0,
        "ko": 13
    },
    "percentiles1": {
        "total": 1435,
        "ok": 1435,
        "ko": 1437
    },
    "percentiles2": {
        "total": 1440,
        "ok": 1435,
        "ko": 1444
    },
    "percentiles3": {
        "total": 1454,
        "ok": 1435,
        "ko": 1454
    },
    "percentiles4": {
        "total": 1456,
        "ok": 1435,
        "ko": 1456
    },
    "group1": {
    "name": "t < 800 ms",
    "htmlName": "t < 800 ms",
    "count": 0,
    "percentage": 0
},
    "group2": {
    "name": "800 ms <= t < 1200 ms",
    "htmlName": "t >= 800 ms <br> t < 1200 ms",
    "count": 0,
    "percentage": 0
},
    "group3": {
    "name": "t >= 1200 ms",
    "htmlName": "t >= 1200 ms",
    "count": 1,
    "percentage": 20
},
    "group4": {
    "name": "failed",
    "htmlName": "failed",
    "count": 4,
    "percentage": 80
},
    "meanNumberOfRequestsPerSecond": {
        "total": 0.5,
        "ok": 0.1,
        "ko": 0.4
    }
},
"contents": {
"req_createaddress-r-c0ed1": {
        "type": "REQUEST",
        "name": "CreateAddress_request",
"path": "CreateAddress_request",
"pathFormatted": "req_createaddress-r-c0ed1",
"stats": {
    "name": "CreateAddress_request",
    "numberOfRequests": {
        "total": 5,
        "ok": 1,
        "ko": 4
    },
    "minResponseTime": {
        "total": 1421,
        "ok": 1435,
        "ko": 1421
    },
    "maxResponseTime": {
        "total": 1457,
        "ok": 1435,
        "ko": 1457
    },
    "meanResponseTime": {
        "total": 1437,
        "ok": 1435,
        "ko": 1438
    },
    "standardDeviation": {
        "total": 12,
        "ok": 0,
        "ko": 13
    },
    "percentiles1": {
        "total": 1435,
        "ok": 1435,
        "ko": 1437
    },
    "percentiles2": {
        "total": 1440,
        "ok": 1435,
        "ko": 1444
    },
    "percentiles3": {
        "total": 1454,
        "ok": 1435,
        "ko": 1454
    },
    "percentiles4": {
        "total": 1456,
        "ok": 1435,
        "ko": 1456
    },
    "group1": {
    "name": "t < 800 ms",
    "htmlName": "t < 800 ms",
    "count": 0,
    "percentage": 0
},
    "group2": {
    "name": "800 ms <= t < 1200 ms",
    "htmlName": "t >= 800 ms <br> t < 1200 ms",
    "count": 0,
    "percentage": 0
},
    "group3": {
    "name": "t >= 1200 ms",
    "htmlName": "t >= 1200 ms",
    "count": 1,
    "percentage": 20
},
    "group4": {
    "name": "failed",
    "htmlName": "failed",
    "count": 4,
    "percentage": 80
},
    "meanNumberOfRequestsPerSecond": {
        "total": 0.5,
        "ok": 0.1,
        "ko": 0.4
    }
}
    }
}

}