{
    "name": "All Requests",
    "numberOfRequests": {
        "total": 175,
        "ok": 171,
        "ko": 4
    },
    "minResponseTime": {
        "total": 200,
        "ok": 200,
        "ko": 10006
    },
    "maxResponseTime": {
        "total": 11088,
        "ok": 2956,
        "ko": 11088
    },
    "meanResponseTime": {
        "total": 632,
        "ok": 406,
        "ko": 10283
    },
    "standardDeviation": {
        "total": 1526,
        "ok": 387,
        "ko": 465
    },
    "percentiles1": {
        "total": 253,
        "ok": 252,
        "ko": 10020
    },
    "percentiles2": {
        "total": 366,
        "ok": 341,
        "ko": 10289
    },
    "percentiles3": {
        "total": 1371,
        "ok": 1219,
        "ko": 10928
    },
    "percentiles4": {
        "total": 10018,
        "ok": 2015,
        "ko": 11056
    },
    "group1": {
    "name": "t < 800 ms",
    "htmlName": "t < 800 ms",
    "count": 154,
    "percentage": 88
},
    "group2": {
    "name": "800 ms <= t < 1200 ms",
    "htmlName": "t >= 800 ms <br> t < 1200 ms",
    "count": 6,
    "percentage": 3
},
    "group3": {
    "name": "t >= 1200 ms",
    "htmlName": "t >= 1200 ms",
    "count": 11,
    "percentage": 6
},
    "group4": {
    "name": "failed",
    "htmlName": "failed",
    "count": 4,
    "percentage": 2
},
    "meanNumberOfRequestsPerSecond": {
        "total": 8.75,
        "ok": 8.55,
        "ko": 0.2
    }
}