{
    "name": "All Requests",
    "numberOfRequests": {
        "total": 5,
        "ok": 1,
        "ko": 4
    },
    "minResponseTime": {
        "total": 432,
        "ok": 528,
        "ko": 432
    },
    "maxResponseTime": {
        "total": 551,
        "ok": 528,
        "ko": 551
    },
    "meanResponseTime": {
        "total": 490,
        "ok": 528,
        "ko": 480
    },
    "standardDeviation": {
        "total": 48,
        "ok": 0,
        "ko": 50
    },
    "percentiles1": {
        "total": 502,
        "ok": 528,
        "ko": 469
    },
    "percentiles2": {
        "total": 528,
        "ok": 528,
        "ko": 514
    },
    "percentiles3": {
        "total": 546,
        "ok": 528,
        "ko": 544
    },
    "percentiles4": {
        "total": 550,
        "ok": 528,
        "ko": 550
    },
    "group1": {
    "name": "t < 800 ms",
    "htmlName": "t < 800 ms",
    "count": 1,
    "percentage": 20
},
    "group2": {
    "name": "800 ms <= t < 1200 ms",
    "htmlName": "t >= 800 ms <br> t < 1200 ms",
    "count": 0,
    "percentage": 0
},
    "group3": {
    "name": "t >= 1200 ms",
    "htmlName": "t >= 1200 ms",
    "count": 0,
    "percentage": 0
},
    "group4": {
    "name": "failed",
    "htmlName": "failed",
    "count": 4,
    "percentage": 80
},
    "meanNumberOfRequestsPerSecond": {
        "total": 0.5555555555555556,
        "ok": 0.1111111111111111,
        "ko": 0.4444444444444444
    }
}