{
    "name": "All Requests",
    "numberOfRequests": {
        "total": 175,
        "ok": 175,
        "ko": 0
    },
    "minResponseTime": {
        "total": 1209,
        "ok": 1209,
        "ko": 0
    },
    "maxResponseTime": {
        "total": 1658,
        "ok": 1658,
        "ko": 0
    },
    "meanResponseTime": {
        "total": 1308,
        "ok": 1308,
        "ko": 0
    },
    "standardDeviation": {
        "total": 112,
        "ok": 112,
        "ko": 0
    },
    "percentiles1": {
        "total": 1249,
        "ok": 1249,
        "ko": 0
    },
    "percentiles2": {
        "total": 1369,
        "ok": 1369,
        "ko": 0
    },
    "percentiles3": {
        "total": 1553,
        "ok": 1553,
        "ko": 0
    },
    "percentiles4": {
        "total": 1614,
        "ok": 1614,
        "ko": 0
    },
    "group1": {
    "name": "t < 800 ms",
    "htmlName": "t < 800 ms",
    "count": 0,
    "percentage": 0
},
    "group2": {
    "name": "800 ms <= t < 1200 ms",
    "htmlName": "t >= 800 ms <br> t < 1200 ms",
    "count": 0,
    "percentage": 0
},
    "group3": {
    "name": "t >= 1200 ms",
    "htmlName": "t >= 1200 ms",
    "count": 175,
    "percentage": 100
},
    "group4": {
    "name": "failed",
    "htmlName": "failed",
    "count": 0,
    "percentage": 0
},
    "meanNumberOfRequestsPerSecond": {
        "total": 14.583333333333334,
        "ok": 14.583333333333334,
        "ko": 0
    }
}