{
  "type": "GROUP",
"name": "All Requests",
"path": "",
"pathFormatted": "group_missing-name-b06d1",
"stats": {
    "name": "All Requests",
    "numberOfRequests": {
        "total": 5,
        "ok": 1,
        "ko": 4
    },
    "minResponseTime": {
        "total": 1460,
        "ok": 1582,
        "ko": 1460
    },
    "maxResponseTime": {
        "total": 5266,
        "ok": 1582,
        "ko": 5266
    },
    "meanResponseTime": {
        "total": 2656,
        "ok": 1582,
        "ko": 2925
    },
    "standardDeviation": {
        "total": 1459,
        "ok": 0,
        "ko": 1516
    },
    "percentiles1": {
        "total": 1716,
        "ok": 1582,
        "ko": 2487
    },
    "percentiles2": {
        "total": 3258,
        "ok": 1582,
        "ko": 3760
    },
    "percentiles3": {
        "total": 4864,
        "ok": 1582,
        "ko": 4965
    },
    "percentiles4": {
        "total": 5186,
        "ok": 1582,
        "ko": 5206
    },
    "group1": {
    "name": "t < 800 ms",
    "htmlName": "t < 800 ms",
    "count": 0,
    "percentage": 0
},
    "group2": {
    "name": "800 ms <= t < 1200 ms",
    "htmlName": "t >= 800 ms <br> t < 1200 ms",
    "count": 0,
    "percentage": 0
},
    "group3": {
    "name": "t >= 1200 ms",
    "htmlName": "t >= 1200 ms",
    "count": 1,
    "percentage": 20
},
    "group4": {
    "name": "failed",
    "htmlName": "failed",
    "count": 4,
    "percentage": 80
},
    "meanNumberOfRequestsPerSecond": {
        "total": 0.4166666666666667,
        "ok": 0.08333333333333333,
        "ko": 0.3333333333333333
    }
},
"contents": {
"req_createaddress-r-c0ed1": {
        "type": "REQUEST",
        "name": "CreateAddress_request",
"path": "CreateAddress_request",
"pathFormatted": "req_createaddress-r-c0ed1",
"stats": {
    "name": "CreateAddress_request",
    "numberOfRequests": {
        "total": 5,
        "ok": 1,
        "ko": 4
    },
    "minResponseTime": {
        "total": 1460,
        "ok": 1582,
        "ko": 1460
    },
    "maxResponseTime": {
        "total": 5266,
        "ok": 1582,
        "ko": 5266
    },
    "meanResponseTime": {
        "total": 2656,
        "ok": 1582,
        "ko": 2925
    },
    "standardDeviation": {
        "total": 1459,
        "ok": 0,
        "ko": 1516
    },
    "percentiles1": {
        "total": 1716,
        "ok": 1582,
        "ko": 2487
    },
    "percentiles2": {
        "total": 3258,
        "ok": 1582,
        "ko": 3760
    },
    "percentiles3": {
        "total": 4864,
        "ok": 1582,
        "ko": 4965
    },
    "percentiles4": {
        "total": 5186,
        "ok": 1582,
        "ko": 5206
    },
    "group1": {
    "name": "t < 800 ms",
    "htmlName": "t < 800 ms",
    "count": 0,
    "percentage": 0
},
    "group2": {
    "name": "800 ms <= t < 1200 ms",
    "htmlName": "t >= 800 ms <br> t < 1200 ms",
    "count": 0,
    "percentage": 0
},
    "group3": {
    "name": "t >= 1200 ms",
    "htmlName": "t >= 1200 ms",
    "count": 1,
    "percentage": 20
},
    "group4": {
    "name": "failed",
    "htmlName": "failed",
    "count": 4,
    "percentage": 80
},
    "meanNumberOfRequestsPerSecond": {
        "total": 0.4166666666666667,
        "ok": 0.08333333333333333,
        "ko": 0.3333333333333333
    }
}
    }
}

}