{
  "type": "GROUP",
"name": "All Requests",
"path": "",
"pathFormatted": "group_missing-name-b06d1",
"stats": {
    "name": "All Requests",
    "numberOfRequests": {
        "total": 175,
        "ok": 174,
        "ko": 1
    },
    "minResponseTime": {
        "total": 207,
        "ok": 207,
        "ko": 10015
    },
    "maxResponseTime": {
        "total": 10015,
        "ok": 728,
        "ko": 10015
    },
    "meanResponseTime": {
        "total": 310,
        "ok": 254,
        "ko": 10015
    },
    "standardDeviation": {
        "total": 740,
        "ok": 77,
        "ko": 0
    },
    "percentiles1": {
        "total": 237,
        "ok": 237,
        "ko": 10015
    },
    "percentiles2": {
        "total": 248,
        "ok": 247,
        "ko": 10015
    },
    "percentiles3": {
        "total": 426,
        "ok": 398,
        "ko": 10015
    },
    "percentiles4": {
        "total": 666,
        "ok": 638,
        "ko": 10015
    },
    "group1": {
    "name": "t < 800 ms",
    "htmlName": "t < 800 ms",
    "count": 174,
    "percentage": 99
},
    "group2": {
    "name": "800 ms <= t < 1200 ms",
    "htmlName": "t >= 800 ms <br> t < 1200 ms",
    "count": 0,
    "percentage": 0
},
    "group3": {
    "name": "t >= 1200 ms",
    "htmlName": "t >= 1200 ms",
    "count": 0,
    "percentage": 0
},
    "group4": {
    "name": "failed",
    "htmlName": "failed",
    "count": 1,
    "percentage": 1
},
    "meanNumberOfRequestsPerSecond": {
        "total": 12.5,
        "ok": 12.428571428571429,
        "ko": 0.07142857142857142
    }
},
"contents": {
"req_createaddress-r-c0ed1": {
        "type": "REQUEST",
        "name": "CreateAddress_request",
"path": "CreateAddress_request",
"pathFormatted": "req_createaddress-r-c0ed1",
"stats": {
    "name": "CreateAddress_request",
    "numberOfRequests": {
        "total": 175,
        "ok": 174,
        "ko": 1
    },
    "minResponseTime": {
        "total": 207,
        "ok": 207,
        "ko": 10015
    },
    "maxResponseTime": {
        "total": 10015,
        "ok": 728,
        "ko": 10015
    },
    "meanResponseTime": {
        "total": 310,
        "ok": 254,
        "ko": 10015
    },
    "standardDeviation": {
        "total": 740,
        "ok": 77,
        "ko": 0
    },
    "percentiles1": {
        "total": 237,
        "ok": 237,
        "ko": 10015
    },
    "percentiles2": {
        "total": 248,
        "ok": 247,
        "ko": 10015
    },
    "percentiles3": {
        "total": 426,
        "ok": 398,
        "ko": 10015
    },
    "percentiles4": {
        "total": 666,
        "ok": 638,
        "ko": 10015
    },
    "group1": {
    "name": "t < 800 ms",
    "htmlName": "t < 800 ms",
    "count": 174,
    "percentage": 99
},
    "group2": {
    "name": "800 ms <= t < 1200 ms",
    "htmlName": "t >= 800 ms <br> t < 1200 ms",
    "count": 0,
    "percentage": 0
},
    "group3": {
    "name": "t >= 1200 ms",
    "htmlName": "t >= 1200 ms",
    "count": 0,
    "percentage": 0
},
    "group4": {
    "name": "failed",
    "htmlName": "failed",
    "count": 1,
    "percentage": 1
},
    "meanNumberOfRequestsPerSecond": {
        "total": 12.5,
        "ok": 12.428571428571429,
        "ko": 0.07142857142857142
    }
}
    }
}

}