{
  "type": "GROUP",
"name": "All Requests",
"path": "",
"pathFormatted": "group_missing-name-b06d1",
"stats": {
    "name": "All Requests",
    "numberOfRequests": {
        "total": 175,
        "ok": 174,
        "ko": 1
    },
    "minResponseTime": {
        "total": 214,
        "ok": 214,
        "ko": 10005
    },
    "maxResponseTime": {
        "total": 10005,
        "ok": 1939,
        "ko": 10005
    },
    "meanResponseTime": {
        "total": 405,
        "ok": 350,
        "ko": 10005
    },
    "standardDeviation": {
        "total": 777,
        "ok": 272,
        "ko": 0
    },
    "percentiles1": {
        "total": 248,
        "ok": 248,
        "ko": 10005
    },
    "percentiles2": {
        "total": 297,
        "ok": 295,
        "ko": 10005
    },
    "percentiles3": {
        "total": 1026,
        "ok": 950,
        "ko": 10005
    },
    "percentiles4": {
        "total": 1636,
        "ok": 1522,
        "ko": 10005
    },
    "group1": {
    "name": "t < 800 ms",
    "htmlName": "t < 800 ms",
    "count": 162,
    "percentage": 93
},
    "group2": {
    "name": "800 ms <= t < 1200 ms",
    "htmlName": "t >= 800 ms <br> t < 1200 ms",
    "count": 6,
    "percentage": 3
},
    "group3": {
    "name": "t >= 1200 ms",
    "htmlName": "t >= 1200 ms",
    "count": 6,
    "percentage": 3
},
    "group4": {
    "name": "failed",
    "htmlName": "failed",
    "count": 1,
    "percentage": 1
},
    "meanNumberOfRequestsPerSecond": {
        "total": 9.722222222222221,
        "ok": 9.666666666666666,
        "ko": 0.05555555555555555
    }
},
"contents": {
"req_createaddress-r-c0ed1": {
        "type": "REQUEST",
        "name": "CreateAddress_request",
"path": "CreateAddress_request",
"pathFormatted": "req_createaddress-r-c0ed1",
"stats": {
    "name": "CreateAddress_request",
    "numberOfRequests": {
        "total": 175,
        "ok": 174,
        "ko": 1
    },
    "minResponseTime": {
        "total": 214,
        "ok": 214,
        "ko": 10005
    },
    "maxResponseTime": {
        "total": 10005,
        "ok": 1939,
        "ko": 10005
    },
    "meanResponseTime": {
        "total": 405,
        "ok": 350,
        "ko": 10005
    },
    "standardDeviation": {
        "total": 777,
        "ok": 272,
        "ko": 0
    },
    "percentiles1": {
        "total": 248,
        "ok": 248,
        "ko": 10005
    },
    "percentiles2": {
        "total": 297,
        "ok": 295,
        "ko": 10005
    },
    "percentiles3": {
        "total": 1026,
        "ok": 950,
        "ko": 10005
    },
    "percentiles4": {
        "total": 1636,
        "ok": 1522,
        "ko": 10005
    },
    "group1": {
    "name": "t < 800 ms",
    "htmlName": "t < 800 ms",
    "count": 162,
    "percentage": 93
},
    "group2": {
    "name": "800 ms <= t < 1200 ms",
    "htmlName": "t >= 800 ms <br> t < 1200 ms",
    "count": 6,
    "percentage": 3
},
    "group3": {
    "name": "t >= 1200 ms",
    "htmlName": "t >= 1200 ms",
    "count": 6,
    "percentage": 3
},
    "group4": {
    "name": "failed",
    "htmlName": "failed",
    "count": 1,
    "percentage": 1
},
    "meanNumberOfRequestsPerSecond": {
        "total": 9.722222222222221,
        "ok": 9.666666666666666,
        "ko": 0.05555555555555555
    }
}
    }
}

}