{
  "type": "GROUP",
"name": "All Requests",
"path": "",
"pathFormatted": "group_missing-name-b06d1",
"stats": {
    "name": "All Requests",
    "numberOfRequests": {
        "total": 5,
        "ok": 1,
        "ko": 4
    },
    "minResponseTime": {
        "total": 1424,
        "ok": 1474,
        "ko": 1424
    },
    "maxResponseTime": {
        "total": 1539,
        "ok": 1474,
        "ko": 1539
    },
    "meanResponseTime": {
        "total": 1474,
        "ok": 1474,
        "ko": 1475
    },
    "standardDeviation": {
        "total": 40,
        "ok": 0,
        "ko": 44
    },
    "percentiles1": {
        "total": 1474,
        "ok": 1474,
        "ko": 1468
    },
    "percentiles2": {
        "total": 1490,
        "ok": 1474,
        "ko": 1502
    },
    "percentiles3": {
        "total": 1529,
        "ok": 1474,
        "ko": 1532
    },
    "percentiles4": {
        "total": 1537,
        "ok": 1474,
        "ko": 1538
    },
    "group1": {
    "name": "t < 800 ms",
    "htmlName": "t < 800 ms",
    "count": 0,
    "percentage": 0
},
    "group2": {
    "name": "800 ms <= t < 1200 ms",
    "htmlName": "t >= 800 ms <br> t < 1200 ms",
    "count": 0,
    "percentage": 0
},
    "group3": {
    "name": "t >= 1200 ms",
    "htmlName": "t >= 1200 ms",
    "count": 1,
    "percentage": 20
},
    "group4": {
    "name": "failed",
    "htmlName": "failed",
    "count": 4,
    "percentage": 80
},
    "meanNumberOfRequestsPerSecond": {
        "total": 0.5,
        "ok": 0.1,
        "ko": 0.4
    }
},
"contents": {
"req_createaddress-r-c0ed1": {
        "type": "REQUEST",
        "name": "CreateAddress_request",
"path": "CreateAddress_request",
"pathFormatted": "req_createaddress-r-c0ed1",
"stats": {
    "name": "CreateAddress_request",
    "numberOfRequests": {
        "total": 5,
        "ok": 1,
        "ko": 4
    },
    "minResponseTime": {
        "total": 1424,
        "ok": 1474,
        "ko": 1424
    },
    "maxResponseTime": {
        "total": 1539,
        "ok": 1474,
        "ko": 1539
    },
    "meanResponseTime": {
        "total": 1474,
        "ok": 1474,
        "ko": 1475
    },
    "standardDeviation": {
        "total": 40,
        "ok": 0,
        "ko": 44
    },
    "percentiles1": {
        "total": 1474,
        "ok": 1474,
        "ko": 1468
    },
    "percentiles2": {
        "total": 1490,
        "ok": 1474,
        "ko": 1502
    },
    "percentiles3": {
        "total": 1529,
        "ok": 1474,
        "ko": 1532
    },
    "percentiles4": {
        "total": 1537,
        "ok": 1474,
        "ko": 1538
    },
    "group1": {
    "name": "t < 800 ms",
    "htmlName": "t < 800 ms",
    "count": 0,
    "percentage": 0
},
    "group2": {
    "name": "800 ms <= t < 1200 ms",
    "htmlName": "t >= 800 ms <br> t < 1200 ms",
    "count": 0,
    "percentage": 0
},
    "group3": {
    "name": "t >= 1200 ms",
    "htmlName": "t >= 1200 ms",
    "count": 1,
    "percentage": 20
},
    "group4": {
    "name": "failed",
    "htmlName": "failed",
    "count": 4,
    "percentage": 80
},
    "meanNumberOfRequestsPerSecond": {
        "total": 0.5,
        "ok": 0.1,
        "ko": 0.4
    }
}
    }
}

}