{
  "type": "GROUP",
"name": "All Requests",
"path": "",
"pathFormatted": "group_missing-name-b06d1",
"stats": {
    "name": "All Requests",
    "numberOfRequests": {
        "total": 175,
        "ok": 175,
        "ko": 0
    },
    "minResponseTime": {
        "total": 1207,
        "ok": 1207,
        "ko": 0
    },
    "maxResponseTime": {
        "total": 3090,
        "ok": 3090,
        "ko": 0
    },
    "meanResponseTime": {
        "total": 1281,
        "ok": 1281,
        "ko": 0
    },
    "standardDeviation": {
        "total": 189,
        "ok": 189,
        "ko": 0
    },
    "percentiles1": {
        "total": 1226,
        "ok": 1226,
        "ko": 0
    },
    "percentiles2": {
        "total": 1234,
        "ok": 1234,
        "ko": 0
    },
    "percentiles3": {
        "total": 1622,
        "ok": 1622,
        "ko": 0
    },
    "percentiles4": {
        "total": 1856,
        "ok": 1856,
        "ko": 0
    },
    "group1": {
    "name": "t < 800 ms",
    "htmlName": "t < 800 ms",
    "count": 0,
    "percentage": 0
},
    "group2": {
    "name": "800 ms <= t < 1200 ms",
    "htmlName": "t >= 800 ms <br> t < 1200 ms",
    "count": 0,
    "percentage": 0
},
    "group3": {
    "name": "t >= 1200 ms",
    "htmlName": "t >= 1200 ms",
    "count": 175,
    "percentage": 100
},
    "group4": {
    "name": "failed",
    "htmlName": "failed",
    "count": 0,
    "percentage": 0
},
    "meanNumberOfRequestsPerSecond": {
        "total": 14.583333333333334,
        "ok": 14.583333333333334,
        "ko": 0
    }
},
"contents": {
"req_createaddress-r-c0ed1": {
        "type": "REQUEST",
        "name": "CreateAddress_request",
"path": "CreateAddress_request",
"pathFormatted": "req_createaddress-r-c0ed1",
"stats": {
    "name": "CreateAddress_request",
    "numberOfRequests": {
        "total": 175,
        "ok": 175,
        "ko": 0
    },
    "minResponseTime": {
        "total": 1207,
        "ok": 1207,
        "ko": 0
    },
    "maxResponseTime": {
        "total": 3090,
        "ok": 3090,
        "ko": 0
    },
    "meanResponseTime": {
        "total": 1281,
        "ok": 1281,
        "ko": 0
    },
    "standardDeviation": {
        "total": 189,
        "ok": 189,
        "ko": 0
    },
    "percentiles1": {
        "total": 1226,
        "ok": 1226,
        "ko": 0
    },
    "percentiles2": {
        "total": 1234,
        "ok": 1234,
        "ko": 0
    },
    "percentiles3": {
        "total": 1622,
        "ok": 1622,
        "ko": 0
    },
    "percentiles4": {
        "total": 1856,
        "ok": 1856,
        "ko": 0
    },
    "group1": {
    "name": "t < 800 ms",
    "htmlName": "t < 800 ms",
    "count": 0,
    "percentage": 0
},
    "group2": {
    "name": "800 ms <= t < 1200 ms",
    "htmlName": "t >= 800 ms <br> t < 1200 ms",
    "count": 0,
    "percentage": 0
},
    "group3": {
    "name": "t >= 1200 ms",
    "htmlName": "t >= 1200 ms",
    "count": 175,
    "percentage": 100
},
    "group4": {
    "name": "failed",
    "htmlName": "failed",
    "count": 0,
    "percentage": 0
},
    "meanNumberOfRequestsPerSecond": {
        "total": 14.583333333333334,
        "ok": 14.583333333333334,
        "ko": 0
    }
}
    }
}

}