{
    "name": "All Requests",
    "numberOfRequests": {
        "total": 175,
        "ok": 137,
        "ko": 38
    },
    "minResponseTime": {
        "total": 234,
        "ok": 234,
        "ko": 10004
    },
    "maxResponseTime": {
        "total": 16997,
        "ok": 16997,
        "ko": 14151
    },
    "meanResponseTime": {
        "total": 8122,
        "ok": 7199,
        "ko": 11449
    },
    "standardDeviation": {
        "total": 3517,
        "ok": 3402,
        "ko": 1050
    },
    "percentiles1": {
        "total": 8307,
        "ok": 7792,
        "ko": 11835
    },
    "percentiles2": {
        "total": 10250,
        "ok": 9076,
        "ko": 12016
    },
    "percentiles3": {
        "total": 12266,
        "ok": 10892,
        "ko": 13189
    },
    "percentiles4": {
        "total": 13451,
        "ok": 12762,
        "ko": 13801
    },
    "group1": {
    "name": "t < 800 ms",
    "htmlName": "t < 800 ms",
    "count": 22,
    "percentage": 13
},
    "group2": {
    "name": "800 ms <= t < 1200 ms",
    "htmlName": "t >= 800 ms <br> t < 1200 ms",
    "count": 1,
    "percentage": 1
},
    "group3": {
    "name": "t >= 1200 ms",
    "htmlName": "t >= 1200 ms",
    "count": 114,
    "percentage": 65
},
    "group4": {
    "name": "failed",
    "htmlName": "failed",
    "count": 38,
    "percentage": 22
},
    "meanNumberOfRequestsPerSecond": {
        "total": 8.333333333333334,
        "ok": 6.523809523809524,
        "ko": 1.8095238095238095
    }
}