{
    "name": "All Requests",
    "numberOfRequests": {
        "total": 5,
        "ok": 1,
        "ko": 4
    },
    "minResponseTime": {
        "total": 437,
        "ok": 464,
        "ko": 437
    },
    "maxResponseTime": {
        "total": 464,
        "ok": 464,
        "ko": 458
    },
    "meanResponseTime": {
        "total": 454,
        "ok": 464,
        "ko": 451
    },
    "standardDeviation": {
        "total": 9,
        "ok": 0,
        "ko": 8
    },
    "percentiles1": {
        "total": 456,
        "ok": 464,
        "ko": 455
    },
    "percentiles2": {
        "total": 458,
        "ok": 464,
        "ko": 457
    },
    "percentiles3": {
        "total": 463,
        "ok": 464,
        "ko": 458
    },
    "percentiles4": {
        "total": 464,
        "ok": 464,
        "ko": 458
    },
    "group1": {
    "name": "t < 800 ms",
    "htmlName": "t < 800 ms",
    "count": 1,
    "percentage": 20
},
    "group2": {
    "name": "800 ms <= t < 1200 ms",
    "htmlName": "t >= 800 ms <br> t < 1200 ms",
    "count": 0,
    "percentage": 0
},
    "group3": {
    "name": "t >= 1200 ms",
    "htmlName": "t >= 1200 ms",
    "count": 0,
    "percentage": 0
},
    "group4": {
    "name": "failed",
    "htmlName": "failed",
    "count": 4,
    "percentage": 80
},
    "meanNumberOfRequestsPerSecond": {
        "total": 0.5555555555555556,
        "ok": 0.1111111111111111,
        "ko": 0.4444444444444444
    }
}