{
    "name": "All Requests",
    "numberOfRequests": {
        "total": 5,
        "ok": 1,
        "ko": 4
    },
    "minResponseTime": {
        "total": 453,
        "ok": 490,
        "ko": 453
    },
    "maxResponseTime": {
        "total": 1555,
        "ok": 490,
        "ko": 1555
    },
    "meanResponseTime": {
        "total": 827,
        "ok": 490,
        "ko": 911
    },
    "standardDeviation": {
        "total": 399,
        "ok": 0,
        "ko": 405
    },
    "percentiles1": {
        "total": 736,
        "ok": 490,
        "ko": 818
    },
    "percentiles2": {
        "total": 899,
        "ok": 490,
        "ko": 1063
    },
    "percentiles3": {
        "total": 1424,
        "ok": 490,
        "ko": 1457
    },
    "percentiles4": {
        "total": 1529,
        "ok": 490,
        "ko": 1535
    },
    "group1": {
    "name": "t < 800 ms",
    "htmlName": "t < 800 ms",
    "count": 1,
    "percentage": 20
},
    "group2": {
    "name": "800 ms <= t < 1200 ms",
    "htmlName": "t >= 800 ms <br> t < 1200 ms",
    "count": 0,
    "percentage": 0
},
    "group3": {
    "name": "t >= 1200 ms",
    "htmlName": "t >= 1200 ms",
    "count": 0,
    "percentage": 0
},
    "group4": {
    "name": "failed",
    "htmlName": "failed",
    "count": 4,
    "percentage": 80
},
    "meanNumberOfRequestsPerSecond": {
        "total": 0.5555555555555556,
        "ok": 0.1111111111111111,
        "ko": 0.4444444444444444
    }
}